{
  "app\\encoder.py": 1775962405.212181,
  "app\\main.py": 1775962405.2131815,
  "app\\setup.py": 1775962405.2131815,
  "CLAUDE.md": 1775968042.6943517,
  "README.md": 1775962405.2111807,
  "app\\requirements.txt": 1775962405.2131815
}